,mean,median,min,max,std,5th_percentile,95th_percentile,missing_values
ID,42461.5,42461.5,1.0,84922.0,24515.014117203085,4247.05,80675.95,0
Age,54.50944396034008,55.0,15.0,101.0,10.014838630972342,38.0,71.0,0
Tumor Size (cm),1.7472942039695087,0.0,0.0,5.9998985137106295,2.0281993361406134,0.0,5.511196400187673,0
Cancer Stage,1.1187560349497185,0.0,0.0,4.0,1.3404182242331277,0.0,4.0,0
"Survival Rate (5-Year, %)",79.5033637844523,100.0,10.000750400475608,100.0,26.483745509990218,23.60822783955198,100.0,0
Cost of Treatment (USD),39109.88124396505,0.0,0.0,159988.0,44710.68705377729,0.0,119683.34999999999,0
Economic Burden (Lost Workdays per Year),52.02839075857846,0.0,0.0,179.0,60.38979557500625,0.0,164.0,0
